{
  "model": "lightgbm",
  "version": 1,
  "auc": 0.8606612770319158,
  "trained_at": "2026-06-24T01:27:21.552522+00:00",
  "dataset_sha256": "76274b691b16a6c49d3f159c883398e03ccd6d1ee12d9d8ee38f4b4b98551a89",
  "features": [
    "Time",
    "V1",
    "V2",
    "V3",
    "V4",
    "V5",
    "V6",
    "V7",
    "V8",
    "V9",
    "V10",
    "V11",
    "V12",
    "V13",
    "V14",
    "V15",
    "V16",
    "V17",
    "V18",
    "V19",
    "V20",
    "V21",
    "V22",
    "V23",
    "V24",
    "V25",
    "V26",
    "V27",
    "V28",
    "Amount"
  ],
  "rows": 284807,
  "frauds": 492,
  "test_size": 0.2,
  "seed": 42
}